{"accuracy": [0.66246497631073, 0.8135504126548767, 0.8742997050285339, 0.9035364389419556, 0.9240196347236633, 0.9509803652763367, 0.9614846110343933, 0.9690126180648804, 0.9770658016204834, 0.9803921580314636], "loss": [1.0434436798095703, 0.4848882853984833, 0.34761178493499756, 0.2717644274234772, 0.2036619484424591, 0.14077873528003693, 0.11314383894205093, 0.08947286754846573, 0.06461676210165024, 0.06281779706478119], "val_accuracy": [0.7444698810577393, 0.8283752799034119, 0.8749046325683594, 0.8901602029800415, 0.9405034184455872, 0.950419545173645, 0.9305873513221741, 0.9519450664520264, 0.9595728516578674, 0.9656750559806824], "val_loss": [0.5959011912345886, 0.42966827750205994, 0.3091016709804535, 0.3035920560359955, 0.18382054567337036, 0.1346859335899353, 0.1919870376586914, 0.1545148342847824, 0.1439387947320938, 0.12040756642818451]}